숙박업소,숙박상품,날짜,가격,주소,지역
풀스테이 스테이펫 홍천,23평형 타입(실내 자쿠지 & 야외 수영장),2025-03-02,510000,강원특별자치도 홍천군 화촌면 답연밭길 5-2 스테이펫 홍천,강원
풀스테이 스테이펫 홍천,23평형 타입(실내 자쿠지 & 야외 수영장),2025-03-03,370000,강원특별자치도 홍천군 화촌면 답연밭길 5-2 스테이펫 홍천,강원
풀스테이 스테이펫 홍천,23평형 타입(실내 자쿠지 & 야외 수영장),2025-03-06,340000,강원특별자치도 홍천군 화촌면 답연밭길 5-2 스테이펫 홍천,강원
풀스테이 스테이펫 홍천,23평형 타입(실내 자쿠지 & 야외 수영장),2025-03-07,370000,강원특별자치도 홍천군 화촌면 답연밭길 5-2 스테이펫 홍천,강원
풀스테이 스테이펫 홍천,23평형 타입(실내 자쿠지 & 야외 수영장),2025-03-08,510000,강원특별자치도 홍천군 화촌면 답연밭길 5-2 스테이펫 홍천,강원
풀스테이 스테이펫 홍천,23평형 타입(실내 자쿠지 & 야외 수영장),2025-03-09,370000,강원특별자치도 홍천군 화촌면 답연밭길 5-2 스테이펫 홍천,강원
풀스테이 스테이펫 홍천,23평형 타입(실내 자쿠지 & 야외 수영장),2025-03-10,340000,강원특별자치도 홍천군 화촌면 답연밭길 5-2 스테이펫 홍천,강원
풀스테이 스테이펫 홍천,23평형 타입(실내 자쿠지 & 야외 수영장),2025-03-11,340000,강원특별자치도 홍천군 화촌면 답연밭길 5-2 스테이펫 홍천,강원
풀스테이 스테이펫 홍천,23평형 타입(실내 자쿠지 & 야외 수영장),2025-03-12,340000,강원특별자치도 홍천군 화촌면 답연밭길 5-2 스테이펫 홍천,강원
풀스테이 스테이펫 홍천,23평형 타입(실내 자쿠지 & 야외 수영장),2025-03-13,340000,강원특별자치도 홍천군 화촌면 답연밭길 5-2 스테이펫 홍천,강원
풀스테이 스테이펫 홍천,23평형 타입(실내 자쿠지 & 야외 수영장),2025-03-14,370000,강원특별자치도 홍천군 화촌면 답연밭길 5-2 스테이펫 홍천,강원
풀스테이 스테이펫 홍천,23평형 타입(실내 자쿠지 & 야외 수영장),2025-03-15,510000,강원특별자치도 홍천군 화촌면 답연밭길 5-2 스테이펫 홍천,강원
풀스테이 스테이펫 홍천,23평형 타입(실내 자쿠지 & 야외 수영장),2025-03-16,370000,강원특별자치도 홍천군 화촌면 답연밭길 5-2 스테이펫 홍천,강원
풀스테이 스테이펫 홍천,23평형 타입(실내 자쿠지 & 야외 수영장),2025-03-17,340000,강원특별자치도 홍천군 화촌면 답연밭길 5-2 스테이펫 홍천,강원
풀스테이 스테이펫 홍천,23평형 타입(실내 자쿠지 & 야외 수영장),2025-03-18,340000,강원특별자치도 홍천군 화촌면 답연밭길 5-2 스테이펫 홍천,강원
풀스테이 스테이펫 홍천,23평형 타입(실내 자쿠지 & 야외 수영장),2025-03-19,340000,강원특별자치도 홍천군 화촌면 답연밭길 5-2 스테이펫 홍천,강원
풀스테이 스테이펫 홍천,23평형 타입(실내 자쿠지 & 야외 수영장),2025-03-20,340000,강원특별자치도 홍천군 화촌면 답연밭길 5-2 스테이펫 홍천,강원
풀스테이 스테이펫 홍천,23평형 타입(실내 자쿠지 & 야외 수영장),2025-03-21,370000,강원특별자치도 홍천군 화촌면 답연밭길 5-2 스테이펫 홍천,강원
풀스테이 스테이펫 홍천,23평형 타입(실내 자쿠지 & 야외 수영장),2025-03-22,510000,강원특별자치도 홍천군 화촌면 답연밭길 5-2 스테이펫 홍천,강원
풀스테이 스테이펫 홍천,23평형 타입(실내 자쿠지 & 야외 수영장),2025-03-23,370000,강원특별자치도 홍천군 화촌면 답연밭길 5-2 스테이펫 홍천,강원
풀스테이 스테이펫 홍천,23평형 타입(실내 자쿠지 & 야외 수영장),2025-03-24,340000,강원특별자치도 홍천군 화촌면 답연밭길 5-2 스테이펫 홍천,강원
풀스테이 스테이펫 홍천,23평형 타입(실내 자쿠지 & 야외 수영장),2025-03-25,340000,강원특별자치도 홍천군 화촌면 답연밭길 5-2 스테이펫 홍천,강원
풀스테이 스테이펫 홍천,23평형 타입(실내 자쿠지 & 야외 수영장),2025-03-26,340000,강원특별자치도 홍천군 화촌면 답연밭길 5-2 스테이펫 홍천,강원
풀스테이 스테이펫 홍천,23평형 타입(실내 자쿠지 & 야외 수영장),2025-03-27,340000,강원특별자치도 홍천군 화촌면 답연밭길 5-2 스테이펫 홍천,강원
풀스테이 스테이펫 홍천,23평형 타입(실내 자쿠지 & 야외 수영장),2025-03-28,370000,강원특별자치도 홍천군 화촌면 답연밭길 5-2 스테이펫 홍천,강원
풀스테이 스테이펫 홍천,23평형 타입(실내 자쿠지 & 야외 수영장),2025-03-29,510000,강원특별자치도 홍천군 화촌면 답연밭길 5-2 스테이펫 홍천,강원
풀스테이 스테이펫 홍천,23평형 타입(실내 자쿠지 & 야외 수영장),2025-03-30,370000,강원특별자치도 홍천군 화촌면 답연밭길 5-2 스테이펫 홍천,강원
풀스테이 스테이펫 홍천,23평형 타입(실내 자쿠지 & 야외 수영장),2025-03-31,340000,강원특별자치도 홍천군 화촌면 답연밭길 5-2 스테이펫 홍천,강원
풀스테이 스테이펫 홍천,23평형 타입(실내 자쿠지 & 야외 수영장),2025-04-01,340000,강원특별자치도 홍천군 화촌면 답연밭길 5-2 스테이펫 홍천,강원
풀스테이 스테이펫 홍천,23평형 타입(실내 자쿠지 & 야외 수영장),2025-04-02,340000,강원특별자치도 홍천군 화촌면 답연밭길 5-2 스테이펫 홍천,강원
풀스테이 스테이펫 홍천,23평형 타입(실내 자쿠지 & 야외 수영장),2025-04-03,340000,강원특별자치도 홍천군 화촌면 답연밭길 5-2 스테이펫 홍천,강원
풀스테이 스테이펫 홍천,23평형 타입(실내 자쿠지 & 야외 수영장),2025-04-04,370000,강원특별자치도 홍천군 화촌면 답연밭길 5-2 스테이펫 홍천,강원
풀스테이 스테이펫 홍천,23평형 타입(실내 자쿠지 & 야외 수영장),2025-04-05,510000,강원특별자치도 홍천군 화촌면 답연밭길 5-2 스테이펫 홍천,강원
풀스테이 스테이펫 홍천,23평형 타입(실내 자쿠지 & 야외 수영장),2025-04-06,370000,강원특별자치도 홍천군 화촌면 답연밭길 5-2 스테이펫 홍천,강원
풀스테이 스테이펫 홍천,23평형 타입(실내 자쿠지 & 야외 수영장),2025-04-07,340000,강원특별자치도 홍천군 화촌면 답연밭길 5-2 스테이펫 홍천,강원
풀스테이 스테이펫 홍천,23평형 타입(실내 자쿠지 & 야외 수영장),2025-04-08,340000,강원특별자치도 홍천군 화촌면 답연밭길 5-2 스테이펫 홍천,강원
풀스테이 스테이펫 홍천,23평형 타입(실내 자쿠지 & 야외 수영장),2025-04-09,340000,강원특별자치도 홍천군 화촌면 답연밭길 5-2 스테이펫 홍천,강원
풀스테이 스테이펫 홍천,23평형 타입(실내 자쿠지 & 야외 수영장),2025-04-10,340000,강원특별자치도 홍천군 화촌면 답연밭길 5-2 스테이펫 홍천,강원
풀스테이 스테이펫 홍천,25평형 타입(실외 자쿠지 & 실내 수영장),2025-03-02,540000,강원특별자치도 홍천군 화촌면 답연밭길 5-2 스테이펫 홍천,강원
풀스테이 스테이펫 홍천,25평형 타입(실외 자쿠지 & 실내 수영장),2025-03-03,400000,강원특별자치도 홍천군 화촌면 답연밭길 5-2 스테이펫 홍천,강원
풀스테이 스테이펫 홍천,25평형 타입(실외 자쿠지 & 실내 수영장),2025-03-06,370000,강원특별자치도 홍천군 화촌면 답연밭길 5-2 스테이펫 홍천,강원
풀스테이 스테이펫 홍천,25평형 타입(실외 자쿠지 & 실내 수영장),2025-03-07,400000,강원특별자치도 홍천군 화촌면 답연밭길 5-2 스테이펫 홍천,강원
풀스테이 스테이펫 홍천,25평형 타입(실외 자쿠지 & 실내 수영장),2025-03-08,540000,강원특별자치도 홍천군 화촌면 답연밭길 5-2 스테이펫 홍천,강원
풀스테이 스테이펫 홍천,25평형 타입(실외 자쿠지 & 실내 수영장),2025-03-09,400000,강원특별자치도 홍천군 화촌면 답연밭길 5-2 스테이펫 홍천,강원
풀스테이 스테이펫 홍천,25평형 타입(실외 자쿠지 & 실내 수영장),2025-03-10,370000,강원특별자치도 홍천군 화촌면 답연밭길 5-2 스테이펫 홍천,강원
풀스테이 스테이펫 홍천,25평형 타입(실외 자쿠지 & 실내 수영장),2025-03-11,370000,강원특별자치도 홍천군 화촌면 답연밭길 5-2 스테이펫 홍천,강원
풀스테이 스테이펫 홍천,25평형 타입(실외 자쿠지 & 실내 수영장),2025-03-12,370000,강원특별자치도 홍천군 화촌면 답연밭길 5-2 스테이펫 홍천,강원
풀스테이 스테이펫 홍천,25평형 타입(실외 자쿠지 & 실내 수영장),2025-03-13,370000,강원특별자치도 홍천군 화촌면 답연밭길 5-2 스테이펫 홍천,강원
풀스테이 스테이펫 홍천,25평형 타입(실외 자쿠지 & 실내 수영장),2025-03-14,400000,강원특별자치도 홍천군 화촌면 답연밭길 5-2 스테이펫 홍천,강원
풀스테이 스테이펫 홍천,25평형 타입(실외 자쿠지 & 실내 수영장),2025-03-15,540000,강원특별자치도 홍천군 화촌면 답연밭길 5-2 스테이펫 홍천,강원
풀스테이 스테이펫 홍천,25평형 타입(실외 자쿠지 & 실내 수영장),2025-03-16,400000,강원특별자치도 홍천군 화촌면 답연밭길 5-2 스테이펫 홍천,강원
풀스테이 스테이펫 홍천,25평형 타입(실외 자쿠지 & 실내 수영장),2025-03-17,370000,강원특별자치도 홍천군 화촌면 답연밭길 5-2 스테이펫 홍천,강원
풀스테이 스테이펫 홍천,25평형 타입(실외 자쿠지 & 실내 수영장),2025-03-18,370000,강원특별자치도 홍천군 화촌면 답연밭길 5-2 스테이펫 홍천,강원
풀스테이 스테이펫 홍천,25평형 타입(실외 자쿠지 & 실내 수영장),2025-03-19,370000,강원특별자치도 홍천군 화촌면 답연밭길 5-2 스테이펫 홍천,강원
풀스테이 스테이펫 홍천,25평형 타입(실외 자쿠지 & 실내 수영장),2025-03-20,370000,강원특별자치도 홍천군 화촌면 답연밭길 5-2 스테이펫 홍천,강원
풀스테이 스테이펫 홍천,25평형 타입(실외 자쿠지 & 실내 수영장),2025-03-21,400000,강원특별자치도 홍천군 화촌면 답연밭길 5-2 스테이펫 홍천,강원
풀스테이 스테이펫 홍천,25평형 타입(실외 자쿠지 & 실내 수영장),2025-03-22,540000,강원특별자치도 홍천군 화촌면 답연밭길 5-2 스테이펫 홍천,강원
풀스테이 스테이펫 홍천,25평형 타입(실외 자쿠지 & 실내 수영장),2025-03-23,400000,강원특별자치도 홍천군 화촌면 답연밭길 5-2 스테이펫 홍천,강원
풀스테이 스테이펫 홍천,25평형 타입(실외 자쿠지 & 실내 수영장),2025-03-24,370000,강원특별자치도 홍천군 화촌면 답연밭길 5-2 스테이펫 홍천,강원
풀스테이 스테이펫 홍천,25평형 타입(실외 자쿠지 & 실내 수영장),2025-03-25,370000,강원특별자치도 홍천군 화촌면 답연밭길 5-2 스테이펫 홍천,강원
풀스테이 스테이펫 홍천,25평형 타입(실외 자쿠지 & 실내 수영장),2025-03-26,370000,강원특별자치도 홍천군 화촌면 답연밭길 5-2 스테이펫 홍천,강원
풀스테이 스테이펫 홍천,25평형 타입(실외 자쿠지 & 실내 수영장),2025-03-27,370000,강원특별자치도 홍천군 화촌면 답연밭길 5-2 스테이펫 홍천,강원
풀스테이 스테이펫 홍천,25평형 타입(실외 자쿠지 & 실내 수영장),2025-03-28,400000,강원특별자치도 홍천군 화촌면 답연밭길 5-2 스테이펫 홍천,강원
풀스테이 스테이펫 홍천,25평형 타입(실외 자쿠지 & 실내 수영장),2025-03-29,540000,강원특별자치도 홍천군 화촌면 답연밭길 5-2 스테이펫 홍천,강원
풀스테이 스테이펫 홍천,25평형 타입(실외 자쿠지 & 실내 수영장),2025-03-30,400000,강원특별자치도 홍천군 화촌면 답연밭길 5-2 스테이펫 홍천,강원
풀스테이 스테이펫 홍천,25평형 타입(실외 자쿠지 & 실내 수영장),2025-03-31,370000,강원특별자치도 홍천군 화촌면 답연밭길 5-2 스테이펫 홍천,강원
풀스테이 스테이펫 홍천,25평형 타입(실외 자쿠지 & 실내 수영장),2025-04-01,370000,강원특별자치도 홍천군 화촌면 답연밭길 5-2 스테이펫 홍천,강원
풀스테이 스테이펫 홍천,25평형 타입(실외 자쿠지 & 실내 수영장),2025-04-02,370000,강원특별자치도 홍천군 화촌면 답연밭길 5-2 스테이펫 홍천,강원
풀스테이 스테이펫 홍천,25평형 타입(실외 자쿠지 & 실내 수영장),2025-04-03,370000,강원특별자치도 홍천군 화촌면 답연밭길 5-2 스테이펫 홍천,강원
풀스테이 스테이펫 홍천,25평형 타입(실외 자쿠지 & 실내 수영장),2025-04-04,400000,강원특별자치도 홍천군 화촌면 답연밭길 5-2 스테이펫 홍천,강원
풀스테이 스테이펫 홍천,25평형 타입(실외 자쿠지 & 실내 수영장),2025-04-05,540000,강원특별자치도 홍천군 화촌면 답연밭길 5-2 스테이펫 홍천,강원
풀스테이 스테이펫 홍천,25평형 타입(실외 자쿠지 & 실내 수영장),2025-04-06,400000,강원특별자치도 홍천군 화촌면 답연밭길 5-2 스테이펫 홍천,강원
풀스테이 스테이펫 홍천,25평형 타입(실외 자쿠지 & 실내 수영장),2025-04-07,370000,강원특별자치도 홍천군 화촌면 답연밭길 5-2 스테이펫 홍천,강원
풀스테이 스테이펫 홍천,25평형 타입(실외 자쿠지 & 실내 수영장),2025-04-08,370000,강원특별자치도 홍천군 화촌면 답연밭길 5-2 스테이펫 홍천,강원
풀스테이 스테이펫 홍천,25평형 타입(실외 자쿠지 & 실내 수영장),2025-04-09,370000,강원특별자치도 홍천군 화촌면 답연밭길 5-2 스테이펫 홍천,강원
풀스테이 스테이펫 홍천,25평형 타입(실외 자쿠지 & 실내 수영장),2025-04-10,370000,강원특별자치도 홍천군 화촌면 답연밭길 5-2 스테이펫 홍천,강원
풀스테이 스테이펫 홍천,27평형 타입(실내 자쿠지 & 야외 수영장),2025-03-02,570000,강원특별자치도 홍천군 화촌면 답연밭길 5-2 스테이펫 홍천,강원
풀스테이 스테이펫 홍천,27평형 타입(실내 자쿠지 & 야외 수영장),2025-03-03,430000,강원특별자치도 홍천군 화촌면 답연밭길 5-2 스테이펫 홍천,강원
풀스테이 스테이펫 홍천,27평형 타입(실내 자쿠지 & 야외 수영장),2025-03-06,400000,강원특별자치도 홍천군 화촌면 답연밭길 5-2 스테이펫 홍천,강원
풀스테이 스테이펫 홍천,27평형 타입(실내 자쿠지 & 야외 수영장),2025-03-07,430000,강원특별자치도 홍천군 화촌면 답연밭길 5-2 스테이펫 홍천,강원
풀스테이 스테이펫 홍천,27평형 타입(실내 자쿠지 & 야외 수영장),2025-03-08,570000,강원특별자치도 홍천군 화촌면 답연밭길 5-2 스테이펫 홍천,강원
풀스테이 스테이펫 홍천,27평형 타입(실내 자쿠지 & 야외 수영장),2025-03-09,430000,강원특별자치도 홍천군 화촌면 답연밭길 5-2 스테이펫 홍천,강원
풀스테이 스테이펫 홍천,27평형 타입(실내 자쿠지 & 야외 수영장),2025-03-10,400000,강원특별자치도 홍천군 화촌면 답연밭길 5-2 스테이펫 홍천,강원
풀스테이 스테이펫 홍천,27평형 타입(실내 자쿠지 & 야외 수영장),2025-03-11,400000,강원특별자치도 홍천군 화촌면 답연밭길 5-2 스테이펫 홍천,강원
풀스테이 스테이펫 홍천,27평형 타입(실내 자쿠지 & 야외 수영장),2025-03-12,400000,강원특별자치도 홍천군 화촌면 답연밭길 5-2 스테이펫 홍천,강원
풀스테이 스테이펫 홍천,27평형 타입(실내 자쿠지 & 야외 수영장),2025-03-13,400000,강원특별자치도 홍천군 화촌면 답연밭길 5-2 스테이펫 홍천,강원
풀스테이 스테이펫 홍천,27평형 타입(실내 자쿠지 & 야외 수영장),2025-03-14,430000,강원특별자치도 홍천군 화촌면 답연밭길 5-2 스테이펫 홍천,강원
풀스테이 스테이펫 홍천,27평형 타입(실내 자쿠지 & 야외 수영장),2025-03-15,570000,강원특별자치도 홍천군 화촌면 답연밭길 5-2 스테이펫 홍천,강원
풀스테이 스테이펫 홍천,27평형 타입(실내 자쿠지 & 야외 수영장),2025-03-16,430000,강원특별자치도 홍천군 화촌면 답연밭길 5-2 스테이펫 홍천,강원
풀스테이 스테이펫 홍천,27평형 타입(실내 자쿠지 & 야외 수영장),2025-03-17,400000,강원특별자치도 홍천군 화촌면 답연밭길 5-2 스테이펫 홍천,강원
풀스테이 스테이펫 홍천,27평형 타입(실내 자쿠지 & 야외 수영장),2025-03-18,400000,강원특별자치도 홍천군 화촌면 답연밭길 5-2 스테이펫 홍천,강원
풀스테이 스테이펫 홍천,27평형 타입(실내 자쿠지 & 야외 수영장),2025-03-19,400000,강원특별자치도 홍천군 화촌면 답연밭길 5-2 스테이펫 홍천,강원
풀스테이 스테이펫 홍천,27평형 타입(실내 자쿠지 & 야외 수영장),2025-03-20,400000,강원특별자치도 홍천군 화촌면 답연밭길 5-2 스테이펫 홍천,강원
풀스테이 스테이펫 홍천,27평형 타입(실내 자쿠지 & 야외 수영장),2025-03-21,430000,강원특별자치도 홍천군 화촌면 답연밭길 5-2 스테이펫 홍천,강원
풀스테이 스테이펫 홍천,27평형 타입(실내 자쿠지 & 야외 수영장),2025-03-22,570000,강원특별자치도 홍천군 화촌면 답연밭길 5-2 스테이펫 홍천,강원
풀스테이 스테이펫 홍천,27평형 타입(실내 자쿠지 & 야외 수영장),2025-03-23,430000,강원특별자치도 홍천군 화촌면 답연밭길 5-2 스테이펫 홍천,강원
풀스테이 스테이펫 홍천,27평형 타입(실내 자쿠지 & 야외 수영장),2025-03-24,400000,강원특별자치도 홍천군 화촌면 답연밭길 5-2 스테이펫 홍천,강원
풀스테이 스테이펫 홍천,27평형 타입(실내 자쿠지 & 야외 수영장),2025-03-25,400000,강원특별자치도 홍천군 화촌면 답연밭길 5-2 스테이펫 홍천,강원
풀스테이 스테이펫 홍천,27평형 타입(실내 자쿠지 & 야외 수영장),2025-03-26,400000,강원특별자치도 홍천군 화촌면 답연밭길 5-2 스테이펫 홍천,강원
풀스테이 스테이펫 홍천,27평형 타입(실내 자쿠지 & 야외 수영장),2025-03-27,400000,강원특별자치도 홍천군 화촌면 답연밭길 5-2 스테이펫 홍천,강원
풀스테이 스테이펫 홍천,27평형 타입(실내 자쿠지 & 야외 수영장),2025-03-28,430000,강원특별자치도 홍천군 화촌면 답연밭길 5-2 스테이펫 홍천,강원
풀스테이 스테이펫 홍천,27평형 타입(실내 자쿠지 & 야외 수영장),2025-03-29,570000,강원특별자치도 홍천군 화촌면 답연밭길 5-2 스테이펫 홍천,강원
풀스테이 스테이펫 홍천,27평형 타입(실내 자쿠지 & 야외 수영장),2025-03-30,430000,강원특별자치도 홍천군 화촌면 답연밭길 5-2 스테이펫 홍천,강원
풀스테이 스테이펫 홍천,27평형 타입(실내 자쿠지 & 야외 수영장),2025-03-31,400000,강원특별자치도 홍천군 화촌면 답연밭길 5-2 스테이펫 홍천,강원
풀스테이 스테이펫 홍천,27평형 타입(실내 자쿠지 & 야외 수영장),2025-04-01,400000,강원특별자치도 홍천군 화촌면 답연밭길 5-2 스테이펫 홍천,강원
풀스테이 스테이펫 홍천,27평형 타입(실내 자쿠지 & 야외 수영장),2025-04-02,400000,강원특별자치도 홍천군 화촌면 답연밭길 5-2 스테이펫 홍천,강원
풀스테이 스테이펫 홍천,27평형 타입(실내 자쿠지 & 야외 수영장),2025-04-03,400000,강원특별자치도 홍천군 화촌면 답연밭길 5-2 스테이펫 홍천,강원
풀스테이 스테이펫 홍천,27평형 타입(실내 자쿠지 & 야외 수영장),2025-04-04,430000,강원특별자치도 홍천군 화촌면 답연밭길 5-2 스테이펫 홍천,강원
풀스테이 스테이펫 홍천,27평형 타입(실내 자쿠지 & 야외 수영장),2025-04-05,570000,강원특별자치도 홍천군 화촌면 답연밭길 5-2 스테이펫 홍천,강원
풀스테이 스테이펫 홍천,27평형 타입(실내 자쿠지 & 야외 수영장),2025-04-06,430000,강원특별자치도 홍천군 화촌면 답연밭길 5-2 스테이펫 홍천,강원
풀스테이 스테이펫 홍천,27평형 타입(실내 자쿠지 & 야외 수영장),2025-04-07,400000,강원특별자치도 홍천군 화촌면 답연밭길 5-2 스테이펫 홍천,강원
풀스테이 스테이펫 홍천,27평형 타입(실내 자쿠지 & 야외 수영장),2025-04-08,400000,강원특별자치도 홍천군 화촌면 답연밭길 5-2 스테이펫 홍천,강원
풀스테이 스테이펫 홍천,27평형 타입(실내 자쿠지 & 야외 수영장),2025-04-09,400000,강원특별자치도 홍천군 화촌면 답연밭길 5-2 스테이펫 홍천,강원
풀스테이 스테이펫 홍천,27평형 타입(실내 자쿠지 & 야외 수영장),2025-04-10,400000,강원특별자치도 홍천군 화촌면 답연밭길 5-2 스테이펫 홍천,강원
풀스테이 스테이펫 홍천,30평형 타입(실외 자쿠지 & 실내 수영장),2025-03-02,570000,강원특별자치도 홍천군 화촌면 답연밭길 5-2 스테이펫 홍천,강원
풀스테이 스테이펫 홍천,30평형 타입(실외 자쿠지 & 실내 수영장),2025-03-03,430000,강원특별자치도 홍천군 화촌면 답연밭길 5-2 스테이펫 홍천,강원
풀스테이 스테이펫 홍천,30평형 타입(실외 자쿠지 & 실내 수영장),2025-03-06,400000,강원특별자치도 홍천군 화촌면 답연밭길 5-2 스테이펫 홍천,강원
풀스테이 스테이펫 홍천,30평형 타입(실외 자쿠지 & 실내 수영장),2025-03-07,430000,강원특별자치도 홍천군 화촌면 답연밭길 5-2 스테이펫 홍천,강원
풀스테이 스테이펫 홍천,30평형 타입(실외 자쿠지 & 실내 수영장),2025-03-08,570000,강원특별자치도 홍천군 화촌면 답연밭길 5-2 스테이펫 홍천,강원
풀스테이 스테이펫 홍천,30평형 타입(실외 자쿠지 & 실내 수영장),2025-03-09,430000,강원특별자치도 홍천군 화촌면 답연밭길 5-2 스테이펫 홍천,강원
풀스테이 스테이펫 홍천,30평형 타입(실외 자쿠지 & 실내 수영장),2025-03-10,400000,강원특별자치도 홍천군 화촌면 답연밭길 5-2 스테이펫 홍천,강원
풀스테이 스테이펫 홍천,30평형 타입(실외 자쿠지 & 실내 수영장),2025-03-11,400000,강원특별자치도 홍천군 화촌면 답연밭길 5-2 스테이펫 홍천,강원
풀스테이 스테이펫 홍천,30평형 타입(실외 자쿠지 & 실내 수영장),2025-03-12,400000,강원특별자치도 홍천군 화촌면 답연밭길 5-2 스테이펫 홍천,강원
풀스테이 스테이펫 홍천,30평형 타입(실외 자쿠지 & 실내 수영장),2025-03-13,400000,강원특별자치도 홍천군 화촌면 답연밭길 5-2 스테이펫 홍천,강원
풀스테이 스테이펫 홍천,30평형 타입(실외 자쿠지 & 실내 수영장),2025-03-14,430000,강원특별자치도 홍천군 화촌면 답연밭길 5-2 스테이펫 홍천,강원
풀스테이 스테이펫 홍천,30평형 타입(실외 자쿠지 & 실내 수영장),2025-03-15,570000,강원특별자치도 홍천군 화촌면 답연밭길 5-2 스테이펫 홍천,강원
풀스테이 스테이펫 홍천,30평형 타입(실외 자쿠지 & 실내 수영장),2025-03-16,430000,강원특별자치도 홍천군 화촌면 답연밭길 5-2 스테이펫 홍천,강원
풀스테이 스테이펫 홍천,30평형 타입(실외 자쿠지 & 실내 수영장),2025-03-17,400000,강원특별자치도 홍천군 화촌면 답연밭길 5-2 스테이펫 홍천,강원
풀스테이 스테이펫 홍천,30평형 타입(실외 자쿠지 & 실내 수영장),2025-03-18,400000,강원특별자치도 홍천군 화촌면 답연밭길 5-2 스테이펫 홍천,강원
풀스테이 스테이펫 홍천,30평형 타입(실외 자쿠지 & 실내 수영장),2025-03-19,400000,강원특별자치도 홍천군 화촌면 답연밭길 5-2 스테이펫 홍천,강원
풀스테이 스테이펫 홍천,30평형 타입(실외 자쿠지 & 실내 수영장),2025-03-20,400000,강원특별자치도 홍천군 화촌면 답연밭길 5-2 스테이펫 홍천,강원
풀스테이 스테이펫 홍천,30평형 타입(실외 자쿠지 & 실내 수영장),2025-03-21,430000,강원특별자치도 홍천군 화촌면 답연밭길 5-2 스테이펫 홍천,강원
풀스테이 스테이펫 홍천,30평형 타입(실외 자쿠지 & 실내 수영장),2025-03-22,570000,강원특별자치도 홍천군 화촌면 답연밭길 5-2 스테이펫 홍천,강원
풀스테이 스테이펫 홍천,30평형 타입(실외 자쿠지 & 실내 수영장),2025-03-23,430000,강원특별자치도 홍천군 화촌면 답연밭길 5-2 스테이펫 홍천,강원
풀스테이 스테이펫 홍천,30평형 타입(실외 자쿠지 & 실내 수영장),2025-03-24,400000,강원특별자치도 홍천군 화촌면 답연밭길 5-2 스테이펫 홍천,강원
풀스테이 스테이펫 홍천,30평형 타입(실외 자쿠지 & 실내 수영장),2025-03-25,400000,강원특별자치도 홍천군 화촌면 답연밭길 5-2 스테이펫 홍천,강원
풀스테이 스테이펫 홍천,30평형 타입(실외 자쿠지 & 실내 수영장),2025-03-26,400000,강원특별자치도 홍천군 화촌면 답연밭길 5-2 스테이펫 홍천,강원
풀스테이 스테이펫 홍천,30평형 타입(실외 자쿠지 & 실내 수영장),2025-03-27,400000,강원특별자치도 홍천군 화촌면 답연밭길 5-2 스테이펫 홍천,강원
풀스테이 스테이펫 홍천,30평형 타입(실외 자쿠지 & 실내 수영장),2025-03-28,430000,강원특별자치도 홍천군 화촌면 답연밭길 5-2 스테이펫 홍천,강원
풀스테이 스테이펫 홍천,30평형 타입(실외 자쿠지 & 실내 수영장),2025-03-29,570000,강원특별자치도 홍천군 화촌면 답연밭길 5-2 스테이펫 홍천,강원
풀스테이 스테이펫 홍천,30평형 타입(실외 자쿠지 & 실내 수영장),2025-03-30,430000,강원특별자치도 홍천군 화촌면 답연밭길 5-2 스테이펫 홍천,강원
풀스테이 스테이펫 홍천,30평형 타입(실외 자쿠지 & 실내 수영장),2025-03-31,400000,강원특별자치도 홍천군 화촌면 답연밭길 5-2 스테이펫 홍천,강원
풀스테이 스테이펫 홍천,30평형 타입(실외 자쿠지 & 실내 수영장),2025-04-01,400000,강원특별자치도 홍천군 화촌면 답연밭길 5-2 스테이펫 홍천,강원
풀스테이 스테이펫 홍천,30평형 타입(실외 자쿠지 & 실내 수영장),2025-04-02,400000,강원특별자치도 홍천군 화촌면 답연밭길 5-2 스테이펫 홍천,강원
풀스테이 스테이펫 홍천,30평형 타입(실외 자쿠지 & 실내 수영장),2025-04-03,400000,강원특별자치도 홍천군 화촌면 답연밭길 5-2 스테이펫 홍천,강원
풀스테이 스테이펫 홍천,30평형 타입(실외 자쿠지 & 실내 수영장),2025-04-04,430000,강원특별자치도 홍천군 화촌면 답연밭길 5-2 스테이펫 홍천,강원
풀스테이 스테이펫 홍천,30평형 타입(실외 자쿠지 & 실내 수영장),2025-04-05,570000,강원특별자치도 홍천군 화촌면 답연밭길 5-2 스테이펫 홍천,강원
풀스테이 스테이펫 홍천,30평형 타입(실외 자쿠지 & 실내 수영장),2025-04-06,430000,강원특별자치도 홍천군 화촌면 답연밭길 5-2 스테이펫 홍천,강원
풀스테이 스테이펫 홍천,30평형 타입(실외 자쿠지 & 실내 수영장),2025-04-07,400000,강원특별자치도 홍천군 화촌면 답연밭길 5-2 스테이펫 홍천,강원
풀스테이 스테이펫 홍천,30평형 타입(실외 자쿠지 & 실내 수영장),2025-04-08,400000,강원특별자치도 홍천군 화촌면 답연밭길 5-2 스테이펫 홍천,강원
풀스테이 스테이펫 홍천,30평형 타입(실외 자쿠지 & 실내 수영장),2025-04-09,400000,강원특별자치도 홍천군 화촌면 답연밭길 5-2 스테이펫 홍천,강원
풀스테이 스테이펫 홍천,30평형 타입(실외 자쿠지 & 실내 수영장),2025-04-10,400000,강원특별자치도 홍천군 화촌면 답연밭길 5-2 스테이펫 홍천,강원
풀스테이 스테이펫 홍천,37평형 타입(실내 자쿠지 & 실내 수영장),2025-03-02,690000,강원특별자치도 홍천군 화촌면 답연밭길 5-2 스테이펫 홍천,강원
풀스테이 스테이펫 홍천,37평형 타입(실내 자쿠지 & 실내 수영장),2025-03-03,550000,강원특별자치도 홍천군 화촌면 답연밭길 5-2 스테이펫 홍천,강원
풀스테이 스테이펫 홍천,37평형 타입(실내 자쿠지 & 실내 수영장),2025-03-06,520000,강원특별자치도 홍천군 화촌면 답연밭길 5-2 스테이펫 홍천,강원
풀스테이 스테이펫 홍천,37평형 타입(실내 자쿠지 & 실내 수영장),2025-03-07,550000,강원특별자치도 홍천군 화촌면 답연밭길 5-2 스테이펫 홍천,강원
풀스테이 스테이펫 홍천,37평형 타입(실내 자쿠지 & 실내 수영장),2025-03-08,690000,강원특별자치도 홍천군 화촌면 답연밭길 5-2 스테이펫 홍천,강원
풀스테이 스테이펫 홍천,37평형 타입(실내 자쿠지 & 실내 수영장),2025-03-09,550000,강원특별자치도 홍천군 화촌면 답연밭길 5-2 스테이펫 홍천,강원
풀스테이 스테이펫 홍천,37평형 타입(실내 자쿠지 & 실내 수영장),2025-03-10,520000,강원특별자치도 홍천군 화촌면 답연밭길 5-2 스테이펫 홍천,강원
풀스테이 스테이펫 홍천,37평형 타입(실내 자쿠지 & 실내 수영장),2025-03-11,520000,강원특별자치도 홍천군 화촌면 답연밭길 5-2 스테이펫 홍천,강원
풀스테이 스테이펫 홍천,37평형 타입(실내 자쿠지 & 실내 수영장),2025-03-12,520000,강원특별자치도 홍천군 화촌면 답연밭길 5-2 스테이펫 홍천,강원
풀스테이 스테이펫 홍천,37평형 타입(실내 자쿠지 & 실내 수영장),2025-03-13,520000,강원특별자치도 홍천군 화촌면 답연밭길 5-2 스테이펫 홍천,강원
풀스테이 스테이펫 홍천,37평형 타입(실내 자쿠지 & 실내 수영장),2025-03-14,550000,강원특별자치도 홍천군 화촌면 답연밭길 5-2 스테이펫 홍천,강원
풀스테이 스테이펫 홍천,37평형 타입(실내 자쿠지 & 실내 수영장),2025-03-15,690000,강원특별자치도 홍천군 화촌면 답연밭길 5-2 스테이펫 홍천,강원
풀스테이 스테이펫 홍천,37평형 타입(실내 자쿠지 & 실내 수영장),2025-03-16,550000,강원특별자치도 홍천군 화촌면 답연밭길 5-2 스테이펫 홍천,강원
풀스테이 스테이펫 홍천,37평형 타입(실내 자쿠지 & 실내 수영장),2025-03-17,520000,강원특별자치도 홍천군 화촌면 답연밭길 5-2 스테이펫 홍천,강원
풀스테이 스테이펫 홍천,37평형 타입(실내 자쿠지 & 실내 수영장),2025-03-18,520000,강원특별자치도 홍천군 화촌면 답연밭길 5-2 스테이펫 홍천,강원
풀스테이 스테이펫 홍천,37평형 타입(실내 자쿠지 & 실내 수영장),2025-03-19,520000,강원특별자치도 홍천군 화촌면 답연밭길 5-2 스테이펫 홍천,강원
풀스테이 스테이펫 홍천,37평형 타입(실내 자쿠지 & 실내 수영장),2025-03-20,520000,강원특별자치도 홍천군 화촌면 답연밭길 5-2 스테이펫 홍천,강원
풀스테이 스테이펫 홍천,37평형 타입(실내 자쿠지 & 실내 수영장),2025-03-21,550000,강원특별자치도 홍천군 화촌면 답연밭길 5-2 스테이펫 홍천,강원
풀스테이 스테이펫 홍천,37평형 타입(실내 자쿠지 & 실내 수영장),2025-03-22,690000,강원특별자치도 홍천군 화촌면 답연밭길 5-2 스테이펫 홍천,강원
풀스테이 스테이펫 홍천,37평형 타입(실내 자쿠지 & 실내 수영장),2025-03-23,550000,강원특별자치도 홍천군 화촌면 답연밭길 5-2 스테이펫 홍천,강원
풀스테이 스테이펫 홍천,37평형 타입(실내 자쿠지 & 실내 수영장),2025-03-24,520000,강원특별자치도 홍천군 화촌면 답연밭길 5-2 스테이펫 홍천,강원
풀스테이 스테이펫 홍천,37평형 타입(실내 자쿠지 & 실내 수영장),2025-03-25,520000,강원특별자치도 홍천군 화촌면 답연밭길 5-2 스테이펫 홍천,강원
풀스테이 스테이펫 홍천,37평형 타입(실내 자쿠지 & 실내 수영장),2025-03-26,520000,강원특별자치도 홍천군 화촌면 답연밭길 5-2 스테이펫 홍천,강원
풀스테이 스테이펫 홍천,37평형 타입(실내 자쿠지 & 실내 수영장),2025-03-27,520000,강원특별자치도 홍천군 화촌면 답연밭길 5-2 스테이펫 홍천,강원
풀스테이 스테이펫 홍천,37평형 타입(실내 자쿠지 & 실내 수영장),2025-03-28,550000,강원특별자치도 홍천군 화촌면 답연밭길 5-2 스테이펫 홍천,강원
풀스테이 스테이펫 홍천,37평형 타입(실내 자쿠지 & 실내 수영장),2025-03-29,690000,강원특별자치도 홍천군 화촌면 답연밭길 5-2 스테이펫 홍천,강원
풀스테이 스테이펫 홍천,37평형 타입(실내 자쿠지 & 실내 수영장),2025-03-30,550000,강원특별자치도 홍천군 화촌면 답연밭길 5-2 스테이펫 홍천,강원
풀스테이 스테이펫 홍천,37평형 타입(실내 자쿠지 & 실내 수영장),2025-03-31,520000,강원특별자치도 홍천군 화촌면 답연밭길 5-2 스테이펫 홍천,강원
풀스테이 스테이펫 홍천,37평형 타입(실내 자쿠지 & 실내 수영장),2025-04-01,520000,강원특별자치도 홍천군 화촌면 답연밭길 5-2 스테이펫 홍천,강원
풀스테이 스테이펫 홍천,37평형 타입(실내 자쿠지 & 실내 수영장),2025-04-02,520000,강원특별자치도 홍천군 화촌면 답연밭길 5-2 스테이펫 홍천,강원
풀스테이 스테이펫 홍천,37평형 타입(실내 자쿠지 & 실내 수영장),2025-04-03,520000,강원특별자치도 홍천군 화촌면 답연밭길 5-2 스테이펫 홍천,강원
풀스테이 스테이펫 홍천,37평형 타입(실내 자쿠지 & 실내 수영장),2025-04-04,550000,강원특별자치도 홍천군 화촌면 답연밭길 5-2 스테이펫 홍천,강원
풀스테이 스테이펫 홍천,37평형 타입(실내 자쿠지 & 실내 수영장),2025-04-05,690000,강원특별자치도 홍천군 화촌면 답연밭길 5-2 스테이펫 홍천,강원
풀스테이 스테이펫 홍천,37평형 타입(실내 자쿠지 & 실내 수영장),2025-04-06,550000,강원특별자치도 홍천군 화촌면 답연밭길 5-2 스테이펫 홍천,강원
풀스테이 스테이펫 홍천,37평형 타입(실내 자쿠지 & 실내 수영장),2025-04-07,520000,강원특별자치도 홍천군 화촌면 답연밭길 5-2 스테이펫 홍천,강원
풀스테이 스테이펫 홍천,37평형 타입(실내 자쿠지 & 실내 수영장),2025-04-08,520000,강원특별자치도 홍천군 화촌면 답연밭길 5-2 스테이펫 홍천,강원
풀스테이 스테이펫 홍천,37평형 타입(실내 자쿠지 & 실내 수영장),2025-04-09,520000,강원특별자치도 홍천군 화촌면 답연밭길 5-2 스테이펫 홍천,강원
풀스테이 스테이펫 홍천,37평형 타입(실내 자쿠지 & 실내 수영장),2025-04-10,520000,강원특별자치도 홍천군 화촌면 답연밭길 5-2 스테이펫 홍천,강원
풀스테이 스테이펫 홍천,47평형 타입(실내 자쿠지 & 실내 수영장),2025-03-02,790000,강원특별자치도 홍천군 화촌면 답연밭길 5-2 스테이펫 홍천,강원
풀스테이 스테이펫 홍천,47평형 타입(실내 자쿠지 & 실내 수영장),2025-03-03,650000,강원특별자치도 홍천군 화촌면 답연밭길 5-2 스테이펫 홍천,강원
풀스테이 스테이펫 홍천,47평형 타입(실내 자쿠지 & 실내 수영장),2025-03-06,620000,강원특별자치도 홍천군 화촌면 답연밭길 5-2 스테이펫 홍천,강원
풀스테이 스테이펫 홍천,47평형 타입(실내 자쿠지 & 실내 수영장),2025-03-08,790000,강원특별자치도 홍천군 화촌면 답연밭길 5-2 스테이펫 홍천,강원
풀스테이 스테이펫 홍천,47평형 타입(실내 자쿠지 & 실내 수영장),2025-03-09,650000,강원특별자치도 홍천군 화촌면 답연밭길 5-2 스테이펫 홍천,강원
풀스테이 스테이펫 홍천,47평형 타입(실내 자쿠지 & 실내 수영장),2025-03-10,620000,강원특별자치도 홍천군 화촌면 답연밭길 5-2 스테이펫 홍천,강원
풀스테이 스테이펫 홍천,47평형 타입(실내 자쿠지 & 실내 수영장),2025-03-11,620000,강원특별자치도 홍천군 화촌면 답연밭길 5-2 스테이펫 홍천,강원
풀스테이 스테이펫 홍천,47평형 타입(실내 자쿠지 & 실내 수영장),2025-03-12,620000,강원특별자치도 홍천군 화촌면 답연밭길 5-2 스테이펫 홍천,강원
풀스테이 스테이펫 홍천,47평형 타입(실내 자쿠지 & 실내 수영장),2025-03-13,620000,강원특별자치도 홍천군 화촌면 답연밭길 5-2 스테이펫 홍천,강원
풀스테이 스테이펫 홍천,47평형 타입(실내 자쿠지 & 실내 수영장),2025-03-14,650000,강원특별자치도 홍천군 화촌면 답연밭길 5-2 스테이펫 홍천,강원
풀스테이 스테이펫 홍천,47평형 타입(실내 자쿠지 & 실내 수영장),2025-03-15,790000,강원특별자치도 홍천군 화촌면 답연밭길 5-2 스테이펫 홍천,강원
풀스테이 스테이펫 홍천,47평형 타입(실내 자쿠지 & 실내 수영장),2025-03-16,650000,강원특별자치도 홍천군 화촌면 답연밭길 5-2 스테이펫 홍천,강원
풀스테이 스테이펫 홍천,47평형 타입(실내 자쿠지 & 실내 수영장),2025-03-17,620000,강원특별자치도 홍천군 화촌면 답연밭길 5-2 스테이펫 홍천,강원
풀스테이 스테이펫 홍천,47평형 타입(실내 자쿠지 & 실내 수영장),2025-03-18,620000,강원특별자치도 홍천군 화촌면 답연밭길 5-2 스테이펫 홍천,강원
풀스테이 스테이펫 홍천,47평형 타입(실내 자쿠지 & 실내 수영장),2025-03-19,620000,강원특별자치도 홍천군 화촌면 답연밭길 5-2 스테이펫 홍천,강원
풀스테이 스테이펫 홍천,47평형 타입(실내 자쿠지 & 실내 수영장),2025-03-20,620000,강원특별자치도 홍천군 화촌면 답연밭길 5-2 스테이펫 홍천,강원
풀스테이 스테이펫 홍천,47평형 타입(실내 자쿠지 & 실내 수영장),2025-03-21,650000,강원특별자치도 홍천군 화촌면 답연밭길 5-2 스테이펫 홍천,강원
풀스테이 스테이펫 홍천,47평형 타입(실내 자쿠지 & 실내 수영장),2025-03-22,790000,강원특별자치도 홍천군 화촌면 답연밭길 5-2 스테이펫 홍천,강원
풀스테이 스테이펫 홍천,47평형 타입(실내 자쿠지 & 실내 수영장),2025-03-23,650000,강원특별자치도 홍천군 화촌면 답연밭길 5-2 스테이펫 홍천,강원
풀스테이 스테이펫 홍천,47평형 타입(실내 자쿠지 & 실내 수영장),2025-03-24,620000,강원특별자치도 홍천군 화촌면 답연밭길 5-2 스테이펫 홍천,강원
풀스테이 스테이펫 홍천,47평형 타입(실내 자쿠지 & 실내 수영장),2025-03-25,620000,강원특별자치도 홍천군 화촌면 답연밭길 5-2 스테이펫 홍천,강원
풀스테이 스테이펫 홍천,47평형 타입(실내 자쿠지 & 실내 수영장),2025-03-26,620000,강원특별자치도 홍천군 화촌면 답연밭길 5-2 스테이펫 홍천,강원
풀스테이 스테이펫 홍천,47평형 타입(실내 자쿠지 & 실내 수영장),2025-03-27,620000,강원특별자치도 홍천군 화촌면 답연밭길 5-2 스테이펫 홍천,강원
풀스테이 스테이펫 홍천,47평형 타입(실내 자쿠지 & 실내 수영장),2025-03-28,650000,강원특별자치도 홍천군 화촌면 답연밭길 5-2 스테이펫 홍천,강원
풀스테이 스테이펫 홍천,47평형 타입(실내 자쿠지 & 실내 수영장),2025-03-30,650000,강원특별자치도 홍천군 화촌면 답연밭길 5-2 스테이펫 홍천,강원
풀스테이 스테이펫 홍천,47평형 타입(실내 자쿠지 & 실내 수영장),2025-03-31,620000,강원특별자치도 홍천군 화촌면 답연밭길 5-2 스테이펫 홍천,강원
풀스테이 스테이펫 홍천,47평형 타입(실내 자쿠지 & 실내 수영장),2025-04-01,620000,강원특별자치도 홍천군 화촌면 답연밭길 5-2 스테이펫 홍천,강원
풀스테이 스테이펫 홍천,47평형 타입(실내 자쿠지 & 실내 수영장),2025-04-02,620000,강원특별자치도 홍천군 화촌면 답연밭길 5-2 스테이펫 홍천,강원
풀스테이 스테이펫 홍천,47평형 타입(실내 자쿠지 & 실내 수영장),2025-04-03,620000,강원특별자치도 홍천군 화촌면 답연밭길 5-2 스테이펫 홍천,강원
풀스테이 스테이펫 홍천,47평형 타입(실내 자쿠지 & 실내 수영장),2025-04-04,650000,강원특별자치도 홍천군 화촌면 답연밭길 5-2 스테이펫 홍천,강원
풀스테이 스테이펫 홍천,47평형 타입(실내 자쿠지 & 실내 수영장),2025-04-05,790000,강원특별자치도 홍천군 화촌면 답연밭길 5-2 스테이펫 홍천,강원
풀스테이 스테이펫 홍천,47평형 타입(실내 자쿠지 & 실내 수영장),2025-04-06,650000,강원특별자치도 홍천군 화촌면 답연밭길 5-2 스테이펫 홍천,강원
풀스테이 스테이펫 홍천,47평형 타입(실내 자쿠지 & 실내 수영장),2025-04-07,620000,강원특별자치도 홍천군 화촌면 답연밭길 5-2 스테이펫 홍천,강원
풀스테이 스테이펫 홍천,47평형 타입(실내 자쿠지 & 실내 수영장),2025-04-08,620000,강원특별자치도 홍천군 화촌면 답연밭길 5-2 스테이펫 홍천,강원
풀스테이 스테이펫 홍천,47평형 타입(실내 자쿠지 & 실내 수영장),2025-04-09,620000,강원특별자치도 홍천군 화촌면 답연밭길 5-2 스테이펫 홍천,강원
풀스테이 스테이펫 홍천,47평형 타입(실내 자쿠지 & 실내 수영장),2025-04-10,620000,강원특별자치도 홍천군 화촌면 답연밭길 5-2 스테이펫 홍천,강원
풀스테이 스테이펫 홍천,스테이휴 리조트,2025-03-03,260000,강원특별자치도 홍천군 화촌면 답연밭길 5-2 스테이펫 홍천,강원
풀스테이 스테이펫 홍천,스테이휴 리조트,2025-03-06,220000,강원특별자치도 홍천군 화촌면 답연밭길 5-2 스테이펫 홍천,강원
풀스테이 스테이펫 홍천,스테이휴 리조트,2025-03-07,260000,강원특별자치도 홍천군 화촌면 답연밭길 5-2 스테이펫 홍천,강원
풀스테이 스테이펫 홍천,스테이휴 리조트,2025-03-08,350000,강원특별자치도 홍천군 화촌면 답연밭길 5-2 스테이펫 홍천,강원
풀스테이 스테이펫 홍천,스테이휴 리조트,2025-03-09,260000,강원특별자치도 홍천군 화촌면 답연밭길 5-2 스테이펫 홍천,강원
풀스테이 스테이펫 홍천,스테이휴 리조트,2025-03-10,220000,강원특별자치도 홍천군 화촌면 답연밭길 5-2 스테이펫 홍천,강원
풀스테이 스테이펫 홍천,스테이휴 리조트,2025-03-11,220000,강원특별자치도 홍천군 화촌면 답연밭길 5-2 스테이펫 홍천,강원
풀스테이 스테이펫 홍천,스테이휴 리조트,2025-03-12,220000,강원특별자치도 홍천군 화촌면 답연밭길 5-2 스테이펫 홍천,강원
풀스테이 스테이펫 홍천,스테이휴 리조트,2025-03-13,220000,강원특별자치도 홍천군 화촌면 답연밭길 5-2 스테이펫 홍천,강원
풀스테이 스테이펫 홍천,스테이휴 리조트,2025-03-14,260000,강원특별자치도 홍천군 화촌면 답연밭길 5-2 스테이펫 홍천,강원
풀스테이 스테이펫 홍천,스테이휴 리조트,2025-03-15,350000,강원특별자치도 홍천군 화촌면 답연밭길 5-2 스테이펫 홍천,강원
풀스테이 스테이펫 홍천,스테이휴 리조트,2025-03-16,260000,강원특별자치도 홍천군 화촌면 답연밭길 5-2 스테이펫 홍천,강원
풀스테이 스테이펫 홍천,스테이휴 리조트,2025-03-17,220000,강원특별자치도 홍천군 화촌면 답연밭길 5-2 스테이펫 홍천,강원
풀스테이 스테이펫 홍천,스테이휴 리조트,2025-03-18,220000,강원특별자치도 홍천군 화촌면 답연밭길 5-2 스테이펫 홍천,강원
풀스테이 스테이펫 홍천,스테이휴 리조트,2025-03-19,220000,강원특별자치도 홍천군 화촌면 답연밭길 5-2 스테이펫 홍천,강원
풀스테이 스테이펫 홍천,스테이휴 리조트,2025-03-20,220000,강원특별자치도 홍천군 화촌면 답연밭길 5-2 스테이펫 홍천,강원
풀스테이 스테이펫 홍천,스테이휴 리조트,2025-03-21,260000,강원특별자치도 홍천군 화촌면 답연밭길 5-2 스테이펫 홍천,강원
풀스테이 스테이펫 홍천,스테이휴 리조트,2025-03-22,350000,강원특별자치도 홍천군 화촌면 답연밭길 5-2 스테이펫 홍천,강원
풀스테이 스테이펫 홍천,스테이휴 리조트,2025-03-23,260000,강원특별자치도 홍천군 화촌면 답연밭길 5-2 스테이펫 홍천,강원
풀스테이 스테이펫 홍천,스테이휴 리조트,2025-03-24,220000,강원특별자치도 홍천군 화촌면 답연밭길 5-2 스테이펫 홍천,강원
풀스테이 스테이펫 홍천,스테이휴 리조트,2025-03-25,220000,강원특별자치도 홍천군 화촌면 답연밭길 5-2 스테이펫 홍천,강원
풀스테이 스테이펫 홍천,스테이휴 리조트,2025-03-26,220000,강원특별자치도 홍천군 화촌면 답연밭길 5-2 스테이펫 홍천,강원
풀스테이 스테이펫 홍천,스테이휴 리조트,2025-03-27,220000,강원특별자치도 홍천군 화촌면 답연밭길 5-2 스테이펫 홍천,강원
풀스테이 스테이펫 홍천,스테이휴 리조트,2025-03-28,260000,강원특별자치도 홍천군 화촌면 답연밭길 5-2 스테이펫 홍천,강원
풀스테이 스테이펫 홍천,스테이휴 리조트,2025-03-29,350000,강원특별자치도 홍천군 화촌면 답연밭길 5-2 스테이펫 홍천,강원
풀스테이 스테이펫 홍천,스테이휴 리조트,2025-03-30,260000,강원특별자치도 홍천군 화촌면 답연밭길 5-2 스테이펫 홍천,강원
풀스테이 스테이펫 홍천,스테이휴 리조트,2025-03-31,220000,강원특별자치도 홍천군 화촌면 답연밭길 5-2 스테이펫 홍천,강원
풀스테이 스테이펫 홍천,스테이휴 리조트,2025-04-01,220000,강원특별자치도 홍천군 화촌면 답연밭길 5-2 스테이펫 홍천,강원
풀스테이 스테이펫 홍천,스테이휴 리조트,2025-04-02,220000,강원특별자치도 홍천군 화촌면 답연밭길 5-2 스테이펫 홍천,강원
풀스테이 스테이펫 홍천,스테이휴 리조트,2025-04-03,220000,강원특별자치도 홍천군 화촌면 답연밭길 5-2 스테이펫 홍천,강원
풀스테이 스테이펫 홍천,스테이휴 리조트,2025-04-04,260000,강원특별자치도 홍천군 화촌면 답연밭길 5-2 스테이펫 홍천,강원
풀스테이 스테이펫 홍천,스테이휴 리조트,2025-04-05,350000,강원특별자치도 홍천군 화촌면 답연밭길 5-2 스테이펫 홍천,강원
풀스테이 스테이펫 홍천,스테이휴 리조트,2025-04-06,260000,강원특별자치도 홍천군 화촌면 답연밭길 5-2 스테이펫 홍천,강원
풀스테이 스테이펫 홍천,스테이휴 리조트,2025-04-07,220000,강원특별자치도 홍천군 화촌면 답연밭길 5-2 스테이펫 홍천,강원
풀스테이 스테이펫 홍천,스테이휴 리조트,2025-04-08,220000,강원특별자치도 홍천군 화촌면 답연밭길 5-2 스테이펫 홍천,강원
풀스테이 스테이펫 홍천,스테이휴 리조트,2025-04-09,220000,강원특별자치도 홍천군 화촌면 답연밭길 5-2 스테이펫 홍천,강원
풀스테이 스테이펫 홍천,스테이휴 리조트,2025-04-10,220000,강원특별자치도 홍천군 화촌면 답연밭길 5-2 스테이펫 홍천,강원
카페 이안,카페이안 애견동반 카페/수영장/천연잔디 운동장 통대관,2025-03-03,400000,강원특별자치도 홍천군 서면 오도치길 139-57,강원
카페 이안,카페이안 애견동반 카페/수영장/천연잔디 운동장 통대관,2025-03-04,400000,강원특별자치도 홍천군 서면 오도치길 139-57,강원
카페 이안,카페이안 애견동반 카페/수영장/천연잔디 운동장 통대관,2025-03-05,400000,강원특별자치도 홍천군 서면 오도치길 139-57,강원
카페 이안,카페이안 애견동반 카페/수영장/천연잔디 운동장 통대관,2025-03-06,400000,강원특별자치도 홍천군 서면 오도치길 139-57,강원
카페 이안,카페이안 애견동반 카페/수영장/천연잔디 운동장 통대관,2025-03-07,400000,강원특별자치도 홍천군 서면 오도치길 139-57,강원
카페 이안,카페이안 애견동반 카페/수영장/천연잔디 운동장 통대관,2025-03-09,400000,강원특별자치도 홍천군 서면 오도치길 139-57,강원
카페 이안,카페이안 애견동반 카페/수영장/천연잔디 운동장 통대관,2025-03-10,400000,강원특별자치도 홍천군 서면 오도치길 139-57,강원
카페 이안,카페이안 애견동반 카페/수영장/천연잔디 운동장 통대관,2025-03-11,400000,강원특별자치도 홍천군 서면 오도치길 139-57,강원
카페 이안,카페이안 애견동반 카페/수영장/천연잔디 운동장 통대관,2025-03-12,400000,강원특별자치도 홍천군 서면 오도치길 139-57,강원
카페 이안,카페이안 애견동반 카페/수영장/천연잔디 운동장 통대관,2025-03-13,400000,강원특별자치도 홍천군 서면 오도치길 139-57,강원
카페 이안,카페이안 애견동반 카페/수영장/천연잔디 운동장 통대관,2025-03-14,400000,강원특별자치도 홍천군 서면 오도치길 139-57,강원
카페 이안,카페이안 애견동반 카페/수영장/천연잔디 운동장 통대관,2025-03-15,400000,강원특별자치도 홍천군 서면 오도치길 139-57,강원
카페 이안,카페이안 애견동반 카페/수영장/천연잔디 운동장 통대관,2025-03-16,400000,강원특별자치도 홍천군 서면 오도치길 139-57,강원
카페 이안,카페이안 애견동반 카페/수영장/천연잔디 운동장 통대관,2025-03-17,400000,강원특별자치도 홍천군 서면 오도치길 139-57,강원
카페 이안,카페이안 애견동반 카페/수영장/천연잔디 운동장 통대관,2025-03-18,400000,강원특별자치도 홍천군 서면 오도치길 139-57,강원
카페 이안,카페이안 애견동반 카페/수영장/천연잔디 운동장 통대관,2025-03-19,400000,강원특별자치도 홍천군 서면 오도치길 139-57,강원
카페 이안,카페이안 애견동반 카페/수영장/천연잔디 운동장 통대관,2025-03-20,400000,강원특별자치도 홍천군 서면 오도치길 139-57,강원
카페 이안,카페이안 애견동반 카페/수영장/천연잔디 운동장 통대관,2025-03-21,400000,강원특별자치도 홍천군 서면 오도치길 139-57,강원
카페 이안,카페이안 애견동반 카페/수영장/천연잔디 운동장 통대관,2025-03-22,400000,강원특별자치도 홍천군 서면 오도치길 139-57,강원
카페 이안,카페이안 애견동반 카페/수영장/천연잔디 운동장 통대관,2025-03-23,400000,강원특별자치도 홍천군 서면 오도치길 139-57,강원
카페 이안,카페이안 애견동반 카페/수영장/천연잔디 운동장 통대관,2025-03-24,400000,강원특별자치도 홍천군 서면 오도치길 139-57,강원
카페 이안,카페이안 애견동반 카페/수영장/천연잔디 운동장 통대관,2025-03-25,400000,강원특별자치도 홍천군 서면 오도치길 139-57,강원
카페 이안,카페이안 애견동반 카페/수영장/천연잔디 운동장 통대관,2025-03-26,400000,강원특별자치도 홍천군 서면 오도치길 139-57,강원
카페 이안,카페이안 애견동반 카페/수영장/천연잔디 운동장 통대관,2025-03-27,400000,강원특별자치도 홍천군 서면 오도치길 139-57,강원
카페 이안,카페이안 애견동반 카페/수영장/천연잔디 운동장 통대관,2025-03-28,400000,강원특별자치도 홍천군 서면 오도치길 139-57,강원
카페 이안,카페이안 애견동반 카페/수영장/천연잔디 운동장 통대관,2025-03-29,400000,강원특별자치도 홍천군 서면 오도치길 139-57,강원
카페 이안,카페이안 애견동반 카페/수영장/천연잔디 운동장 통대관,2025-03-30,400000,강원특별자치도 홍천군 서면 오도치길 139-57,강원
카페 이안,카페이안 애견동반 카페/수영장/천연잔디 운동장 통대관,2025-03-31,400000,강원특별자치도 홍천군 서면 오도치길 139-57,강원
카페 이안,카페이안 애견동반 카페/수영장/천연잔디 운동장 통대관,2025-04-01,400000,강원특별자치도 홍천군 서면 오도치길 139-57,강원
카페 이안,카페이안 애견동반 카페/수영장/천연잔디 운동장 통대관,2025-04-02,400000,강원특별자치도 홍천군 서면 오도치길 139-57,강원
카페 이안,카페이안 애견동반 카페/수영장/천연잔디 운동장 통대관,2025-04-03,400000,강원특별자치도 홍천군 서면 오도치길 139-57,강원
카페 이안,카페이안 애견동반 카페/수영장/천연잔디 운동장 통대관,2025-04-04,400000,강원특별자치도 홍천군 서면 오도치길 139-57,강원
카페 이안,카페이안 애견동반 카페/수영장/천연잔디 운동장 통대관,2025-04-05,500000,강원특별자치도 홍천군 서면 오도치길 139-57,강원
카페 이안,카페이안 애견동반 카페/수영장/천연잔디 운동장 통대관,2025-04-06,500000,강원특별자치도 홍천군 서면 오도치길 139-57,강원
카페 이안,카페이안 애견동반 카페/수영장/천연잔디 운동장 통대관,2025-04-07,400000,강원특별자치도 홍천군 서면 오도치길 139-57,강원
카페 이안,카페이안 애견동반 카페/수영장/천연잔디 운동장 통대관,2025-04-08,400000,강원특별자치도 홍천군 서면 오도치길 139-57,강원
카페 이안,카페이안 애견동반 카페/수영장/천연잔디 운동장 통대관,2025-04-09,400000,강원특별자치도 홍천군 서면 오도치길 139-57,강원
카페 이안,카페이안 애견동반 카페/수영장/천연잔디 운동장 통대관,2025-04-10,400000,강원특별자치도 홍천군 서면 오도치길 139-57,강원
카페 이안,"카페이안 숙박(수영장, 천연잔디 운동장)",2025-03-03,400000,강원특별자치도 홍천군 서면 오도치길 139-57,강원
카페 이안,"카페이안 숙박(수영장, 천연잔디 운동장)",2025-03-04,400000,강원특별자치도 홍천군 서면 오도치길 139-57,강원
카페 이안,"카페이안 숙박(수영장, 천연잔디 운동장)",2025-03-05,400000,강원특별자치도 홍천군 서면 오도치길 139-57,강원
카페 이안,"카페이안 숙박(수영장, 천연잔디 운동장)",2025-03-06,400000,강원특별자치도 홍천군 서면 오도치길 139-57,강원
카페 이안,"카페이안 숙박(수영장, 천연잔디 운동장)",2025-03-07,450000,강원특별자치도 홍천군 서면 오도치길 139-57,강원
카페 이안,"카페이안 숙박(수영장, 천연잔디 운동장)",2025-03-09,450000,강원특별자치도 홍천군 서면 오도치길 139-57,강원
카페 이안,"카페이안 숙박(수영장, 천연잔디 운동장)",2025-03-10,400000,강원특별자치도 홍천군 서면 오도치길 139-57,강원
카페 이안,"카페이안 숙박(수영장, 천연잔디 운동장)",2025-03-11,400000,강원특별자치도 홍천군 서면 오도치길 139-57,강원
카페 이안,"카페이안 숙박(수영장, 천연잔디 운동장)",2025-03-12,400000,강원특별자치도 홍천군 서면 오도치길 139-57,강원
카페 이안,"카페이안 숙박(수영장, 천연잔디 운동장)",2025-03-13,400000,강원특별자치도 홍천군 서면 오도치길 139-57,강원
카페 이안,"카페이안 숙박(수영장, 천연잔디 운동장)",2025-03-14,450000,강원특별자치도 홍천군 서면 오도치길 139-57,강원
카페 이안,"카페이안 숙박(수영장, 천연잔디 운동장)",2025-03-15,450000,강원특별자치도 홍천군 서면 오도치길 139-57,강원
카페 이안,"카페이안 숙박(수영장, 천연잔디 운동장)",2025-03-16,450000,강원특별자치도 홍천군 서면 오도치길 139-57,강원
카페 이안,"카페이안 숙박(수영장, 천연잔디 운동장)",2025-03-17,400000,강원특별자치도 홍천군 서면 오도치길 139-57,강원
카페 이안,"카페이안 숙박(수영장, 천연잔디 운동장)",2025-03-18,400000,강원특별자치도 홍천군 서면 오도치길 139-57,강원
카페 이안,"카페이안 숙박(수영장, 천연잔디 운동장)",2025-03-19,400000,강원특별자치도 홍천군 서면 오도치길 139-57,강원
카페 이안,"카페이안 숙박(수영장, 천연잔디 운동장)",2025-03-20,400000,강원특별자치도 홍천군 서면 오도치길 139-57,강원
카페 이안,"카페이안 숙박(수영장, 천연잔디 운동장)",2025-03-21,450000,강원특별자치도 홍천군 서면 오도치길 139-57,강원
카페 이안,"카페이안 숙박(수영장, 천연잔디 운동장)",2025-03-22,450000,강원특별자치도 홍천군 서면 오도치길 139-57,강원
카페 이안,"카페이안 숙박(수영장, 천연잔디 운동장)",2025-03-23,450000,강원특별자치도 홍천군 서면 오도치길 139-57,강원
카페 이안,"카페이안 숙박(수영장, 천연잔디 운동장)",2025-03-24,400000,강원특별자치도 홍천군 서면 오도치길 139-57,강원
카페 이안,"카페이안 숙박(수영장, 천연잔디 운동장)",2025-03-25,400000,강원특별자치도 홍천군 서면 오도치길 139-57,강원
카페 이안,"카페이안 숙박(수영장, 천연잔디 운동장)",2025-03-26,400000,강원특별자치도 홍천군 서면 오도치길 139-57,강원
카페 이안,"카페이안 숙박(수영장, 천연잔디 운동장)",2025-03-27,400000,강원특별자치도 홍천군 서면 오도치길 139-57,강원
카페 이안,"카페이안 숙박(수영장, 천연잔디 운동장)",2025-03-28,450000,강원특별자치도 홍천군 서면 오도치길 139-57,강원
카페 이안,"카페이안 숙박(수영장, 천연잔디 운동장)",2025-03-29,450000,강원특별자치도 홍천군 서면 오도치길 139-57,강원
카페 이안,"카페이안 숙박(수영장, 천연잔디 운동장)",2025-03-30,450000,강원특별자치도 홍천군 서면 오도치길 139-57,강원
카페 이안,"카페이안 숙박(수영장, 천연잔디 운동장)",2025-03-31,400000,강원특별자치도 홍천군 서면 오도치길 139-57,강원
카페 이안,"카페이안 숙박(수영장, 천연잔디 운동장)",2025-04-01,500000,강원특별자치도 홍천군 서면 오도치길 139-57,강원
카페 이안,"카페이안 숙박(수영장, 천연잔디 운동장)",2025-04-02,500000,강원특별자치도 홍천군 서면 오도치길 139-57,강원
카페 이안,"카페이안 숙박(수영장, 천연잔디 운동장)",2025-04-03,500000,강원특별자치도 홍천군 서면 오도치길 139-57,강원
카페 이안,"카페이안 숙박(수영장, 천연잔디 운동장)",2025-04-04,550000,강원특별자치도 홍천군 서면 오도치길 139-57,강원
카페 이안,"카페이안 숙박(수영장, 천연잔디 운동장)",2025-04-05,550000,강원특별자치도 홍천군 서면 오도치길 139-57,강원
카페 이안,"카페이안 숙박(수영장, 천연잔디 운동장)",2025-04-06,550000,강원특별자치도 홍천군 서면 오도치길 139-57,강원
카페 이안,"카페이안 숙박(수영장, 천연잔디 운동장)",2025-04-07,500000,강원특별자치도 홍천군 서면 오도치길 139-57,강원
카페 이안,"카페이안 숙박(수영장, 천연잔디 운동장)",2025-04-08,500000,강원특별자치도 홍천군 서면 오도치길 139-57,강원
카페 이안,"카페이안 숙박(수영장, 천연잔디 운동장)",2025-04-09,500000,강원특별자치도 홍천군 서면 오도치길 139-57,강원
카페 이안,"카페이안 숙박(수영장, 천연잔디 운동장)",2025-04-10,500000,강원특별자치도 홍천군 서면 오도치길 139-57,강원
